{
  "total_concepts": 4,
  "total_relationships": 8,
  "average_difficulty": 0.6337657329035459,
  "average_relationship_strength": 0.15605845853793332
}