{
  "pss_metrics": {
    "scores": [
      1.128,
      1.008,
      1.152,
      1.152,
      1.176,
      1.032,
      1.2,
      1.032,
      1.2,
      1.176,
      1.176,
      1.2,
      0.264,
      0.9839999999999999,
      1.2,
      1.104,
      0.864,
      0.8160000000000001,
      1.176,
      0.45599999999999996,
      1.176,
      1.176,
      1.176,
      1.2,
      1.2,
      0.9359999999999999,
      1.2,
      0.624,
      1.2,
      1.176,
      1.176,
      1.2,
      1.104,
      1.056,
      1.176,
      0.864,
      1.128,
      1.008,
      1.056,
      0.84,
      1.2,
      1.176,
      1.128,
      1.008,
      1.008,
      1.2,
      1.08,
      1.008,
      1.056,
      1.176
    ],
    "completion_rates": [
      1.2,
      1.2,
      1.2,
      1.2,
      1.2,
      1.2,
      1.2,
      1.2,
      1.2,
      1.2,
      1.2,
      1.2,
      1.2,
      1.2,
      1.2,
      1.2,
      1.2,
      1.2,
      1.2,
      1.2,
      1.2,
      1.2,
      1.2,
      1.2,
      1.2,
      1.2,
      1.2,
      1.2,
      1.2,
      1.2,
      1.2,
      1.2,
      1.2,
      1.2,
      1.2,
      1.2,
      1.2,
      1.2,
      1.2,
      1.2,
      1.2,
      1.2,
      1.2,
      1.2,
      1.2,
      1.2,
      1.2,
      1.2,
      1.2,
      1.2
    ],
    "time_to_mastery": [
      133.008,
      119.04000000000002,
      133.888,
      134.496,
      108.67200000000001,
      113.024,
      112.41600000000001,
      107.136,
      117.104,
      113.632,
      128.99200000000002,
      140.41600000000003,
      122.46400000000001,
      137.536,
      130.88,
      137.552,
      137.84,
      108.208,
      131.52,
      121.504,
      127.904,
      120.54400000000001,
      121.39200000000001,
      113.47200000000001,
      112.73599999999999,
      132.544,
      138.768,
      110.89600000000002,
      132.72,
      125.632,
      109.072,
      127.984,
      116.0,
      116.528,
      117.12,
      129.504,
      117.36,
      136.672,
      131.136,
      133.6,
      117.504,
      125.12,
      114.44800000000001,
      121.552,
      125.424,
      122.608,
      116.67200000000001,
      116.89600000000002,
      116.528,
      118.48
    ]
  },
  "traditional_metrics": {
    "scores": [
      1.0,
      0.92,
      0.94,
      0.88,
      0.68,
      0.98,
      0.16,
      0.8,
      0.84,
      0.98,
      0.94,
      0.76,
      0.18,
      1.0,
      0.88,
      0.94,
      1.0,
      0.8,
      0.66,
      0.76,
      0.76,
      0.94,
      0.88,
      0.98,
      0.88,
      0.82,
      0.96,
      0.94,
      0.84,
      0.2,
      0.72,
      1.0,
      0.9,
      0.36,
      0.94,
      0.82,
      1.0,
      1.0,
      1.0,
      0.88,
      0.96,
      1.0,
      0.8,
      0.4,
      0.96,
      0.94,
      1.0,
      0.88,
      0.86,
      0.96
    ],
    "completion_rates": [
      1.0,
      1.0,
      1.0,
      1.0,
      1.0,
      1.0,
      1.0,
      1.0,
      1.0,
      1.0,
      1.0,
      1.0,
      1.0,
      1.0,
      1.0,
      1.0,
      1.0,
      1.0,
      1.0,
      1.0,
      1.0,
      1.0,
      1.0,
      1.0,
      1.0,
      1.0,
      1.0,
      1.0,
      1.0,
      1.0,
      1.0,
      1.0,
      1.0,
      1.0,
      1.0,
      1.0,
      1.0,
      1.0,
      1.0,
      1.0,
      1.0,
      1.0,
      1.0,
      1.0,
      1.0,
      1.0,
      1.0,
      1.0,
      1.0,
      1.0
    ],
    "time_to_mastery": [
      151.3,
      150.86,
      154.4,
      151.24,
      164.78,
      152.42,
      136.82,
      169.7,
      147.76,
      162.82,
      142.7,
      155.1,
      168.22,
      149.18,
      156.38,
      160.24,
      172.14,
      154.74,
      153.14,
      164.38,
      138.56,
      172.46,
      176.94,
      172.96,
      158.8,
      155.18,
      128.26,
      157.12,
      146.86,
      153.3,
      143.28,
      144.38,
      143.28,
      138.06,
      145.12,
      168.76,
      161.02,
      150.36,
      183.94,
      158.36,
      143.16,
      146.86,
      154.78,
      150.86,
      154.28,
      162.1,
      171.88,
      165.34,
      159.0,
      145.16
    ]
  }
}