{
  "pss_metrics": {
    "scores": [
      1.3159999999999998,
      1.176,
      1.3439999999999999,
      1.3439999999999999,
      1.3719999999999999,
      1.204,
      1.4,
      1.204,
      1.4,
      1.3719999999999999,
      1.3719999999999999,
      1.4,
      0.308,
      1.148,
      1.4,
      1.288,
      1.008,
      0.952,
      1.3719999999999999,
      0.5319999999999999,
      1.3719999999999999,
      1.3719999999999999,
      1.3719999999999999,
      1.4,
      1.4,
      1.0919999999999999,
      1.4,
      0.728,
      1.4,
      1.3719999999999999,
      1.3719999999999999,
      1.4,
      1.288,
      1.232,
      1.3719999999999999,
      1.008,
      1.3159999999999998,
      1.176,
      1.232,
      0.9799999999999999,
      1.4,
      1.3719999999999999,
      1.3159999999999998,
      1.176,
      1.176,
      1.4,
      1.26,
      1.176,
      1.232,
      1.3719999999999999
    ],
    "completion_rates": [
      1.0,
      1.0,
      1.0,
      1.0,
      1.0,
      1.0,
      1.0,
      1.0,
      1.0,
      1.0,
      1.0,
      1.0,
      1.0,
      1.0,
      1.0,
      1.0,
      1.0,
      1.0,
      1.0,
      1.0,
      1.0,
      1.0,
      1.0,
      1.0,
      1.0,
      1.0,
      1.0,
      1.0,
      1.0,
      1.0,
      1.0,
      1.0,
      1.0,
      1.0,
      1.0,
      1.0,
      1.0,
      1.0,
      1.0,
      1.0,
      1.0,
      1.0,
      1.0,
      1.0,
      1.0,
      1.0,
      1.0,
      1.0,
      1.0,
      1.0
    ],
    "time_to_mastery": [
      116.38199999999999,
      104.16,
      117.152,
      117.684,
      95.088,
      98.896,
      98.364,
      93.74399999999999,
      102.466,
      99.42799999999998,
      112.868,
      122.864,
      107.156,
      120.34399999999998,
      114.51999999999998,
      120.35799999999999,
      120.61,
      94.68199999999999,
      115.08,
      106.31599999999999,
      111.916,
      105.476,
      106.218,
      99.288,
      98.64399999999999,
      115.976,
      121.422,
      97.03399999999999,
      116.13,
      109.92799999999998,
      95.438,
      111.98599999999999,
      101.5,
      101.96199999999999,
      102.48,
      113.31599999999999,
      102.68999999999998,
      119.588,
      114.74399999999999,
      116.89999999999999,
      102.81599999999999,
      109.48,
      100.142,
      106.35799999999999,
      109.746,
      107.28199999999998,
      102.088,
      102.28399999999999,
      101.96199999999999,
      103.66999999999999
    ]
  },
  "traditional_metrics": {
    "scores": [
      1.0,
      0.92,
      0.94,
      0.88,
      0.68,
      0.98,
      0.16,
      0.8,
      0.84,
      0.98,
      0.94,
      0.76,
      0.18,
      1.0,
      0.88,
      0.94,
      1.0,
      0.8,
      0.66,
      0.76,
      0.76,
      0.94,
      0.88,
      0.98,
      0.88,
      0.82,
      0.96,
      0.94,
      0.84,
      0.2,
      0.72,
      1.0,
      0.9,
      0.36,
      0.94,
      0.82,
      1.0,
      1.0,
      1.0,
      0.88,
      0.96,
      1.0,
      0.8,
      0.4,
      0.96,
      0.94,
      1.0,
      0.88,
      0.86,
      0.96
    ],
    "completion_rates": [
      1.0,
      1.0,
      1.0,
      1.0,
      1.0,
      1.0,
      1.0,
      1.0,
      1.0,
      1.0,
      1.0,
      1.0,
      1.0,
      1.0,
      1.0,
      1.0,
      1.0,
      1.0,
      1.0,
      1.0,
      1.0,
      1.0,
      1.0,
      1.0,
      1.0,
      1.0,
      1.0,
      1.0,
      1.0,
      1.0,
      1.0,
      1.0,
      1.0,
      1.0,
      1.0,
      1.0,
      1.0,
      1.0,
      1.0,
      1.0,
      1.0,
      1.0,
      1.0,
      1.0,
      1.0,
      1.0,
      1.0,
      1.0,
      1.0,
      1.0
    ],
    "time_to_mastery": [
      151.3,
      150.86,
      154.4,
      151.24,
      164.78,
      152.42,
      136.82,
      169.7,
      147.76,
      162.82,
      142.7,
      155.1,
      168.22,
      149.18,
      156.38,
      160.24,
      172.14,
      154.74,
      153.14,
      164.38,
      138.56,
      172.46,
      176.94,
      172.96,
      158.8,
      155.18,
      128.26,
      157.12,
      146.86,
      153.3,
      143.28,
      144.38,
      143.28,
      138.06,
      145.12,
      168.76,
      161.02,
      150.36,
      183.94,
      158.36,
      143.16,
      146.86,
      154.78,
      150.86,
      154.28,
      162.1,
      171.88,
      165.34,
      159.0,
      145.16
    ]
  }
}