{
  "pattern_metrics": {
    "evolution_rate": 5.606592745621697e-08,
    "coherence": 0.5,
    "temporal_stability": 3.6216679161016496e-08
  },
  "interaction_metrics": {
    "density": 0.9998927906617413,
    "pattern_count": 5,
    "average_quality": 0.8
  }
}