{
  "pattern_metrics": {
    "evolution_rate": 38.93776321411133,
    "coherence": 0.5,
    "temporal_stability": 0.4652828856805868
  },
  "interaction_metrics": {
    "density": 0.999926205446038,
    "pattern_count": 5,
    "average_quality": 0.18627127766609192
  }
}